tax_rate_scenario,federal_ltcg_rate,niit_rate,state_rate,combined_tax_rate,sale_method,sale_pct,lots_touched,sale_value,basis_sold,realized_gain,effective_gain_pct_of_sale,realized_gain_pct_of_full_embedded_gain,estimated_tax,after_tax_sale_proceeds,harvested_losses_needed_to_fully_offset_gain,gross_overlay_needed_at_10pct_loss_yield,gross_overlay_needed_at_10pct_loss_yield_pct_of_concentrated_mv
Federal top LTCG only,0.2,0.0,0.0,0.2,pro_rata_all_lots,0.05,40,405273.1035,5913.262000000001,399359.84150000004,0.9854091921005066,0.05000000000000001,79871.96830000001,325401.1352,399359.84150000004,3993598.415,0.4927045960502533
Federal top LTCG + NIIT,0.2,0.038,0.0,0.238,pro_rata_all_lots,0.05,40,405273.1035,5913.262000000001,399359.84150000004,0.9854091921005066,0.05000000000000001,95047.642277,310225.461223,399359.84150000004,3993598.415,0.4927045960502533
Federal + NIIT + 9.3% state placeholder,0.2,0.038,0.093,0.331,pro_rata_all_lots,0.05,40,405273.1035,5913.262000000001,399359.84150000004,0.9854091921005066,0.05000000000000001,132188.10753650003,273084.9959635,399359.84150000004,3993598.415,0.4927045960502533
Federal + NIIT + 13.3% state placeholder,0.2,0.038,0.133,0.371,pro_rata_all_lots,0.05,40,405273.1035,5913.262000000001,399359.84150000004,0.9854091921005066,0.05000000000000001,148162.5011965,257110.60230350003,399359.84150000004,3993598.415,0.4927045960502533
Federal top LTCG only,0.2,0.0,0.0,0.2,pro_rata_all_lots,0.1,40,810546.207,11826.524000000001,798719.6830000001,0.9854091921005066,0.10000000000000002,159743.93660000002,650802.2704,798719.6830000001,7987196.83,0.9854091921005066
Federal top LTCG + NIIT,0.2,0.038,0.0,0.238,pro_rata_all_lots,0.1,40,810546.207,11826.524000000001,798719.6830000001,0.9854091921005066,0.10000000000000002,190095.284554,620450.922446,798719.6830000001,7987196.83,0.9854091921005066
Federal + NIIT + 9.3% state placeholder,0.2,0.038,0.093,0.331,pro_rata_all_lots,0.1,40,810546.207,11826.524000000001,798719.6830000001,0.9854091921005066,0.10000000000000002,264376.21507300006,546169.991927,798719.6830000001,7987196.83,0.9854091921005066
Federal + NIIT + 13.3% state placeholder,0.2,0.038,0.133,0.371,pro_rata_all_lots,0.1,40,810546.207,11826.524000000001,798719.6830000001,0.9854091921005066,0.10000000000000002,296325.002393,514221.20460700005,798719.6830000001,7987196.83,0.9854091921005066
Federal top LTCG only,0.2,0.0,0.0,0.2,pro_rata_all_lots,0.15,40,1215819.3105,17739.786,1198079.5244999998,0.9854091921005066,0.15,239615.90489999996,976203.4055999999,1198079.5244999998,11980795.244999997,1.4781137881507596
Federal top LTCG + NIIT,0.2,0.038,0.0,0.238,pro_rata_all_lots,0.15,40,1215819.3105,17739.786,1198079.5244999998,0.9854091921005066,0.15,285142.92683099996,930676.3836689999,1198079.5244999998,11980795.244999997,1.4781137881507596
Federal + NIIT + 9.3% state placeholder,0.2,0.038,0.093,0.331,pro_rata_all_lots,0.15,40,1215819.3105,17739.786,1198079.5244999998,0.9854091921005066,0.15,396564.32260949997,819254.9878904999,1198079.5244999998,11980795.244999997,1.4781137881507596
Federal + NIIT + 13.3% state placeholder,0.2,0.038,0.133,0.371,pro_rata_all_lots,0.15,40,1215819.3105,17739.786,1198079.5244999998,0.9854091921005066,0.15,444487.5035894999,771331.8069104999,1198079.5244999998,11980795.244999997,1.4781137881507596
Federal top LTCG only,0.2,0.0,0.0,0.2,pro_rata_all_lots,0.2,40,1621092.414,23653.048000000003,1597439.3660000002,0.9854091921005066,0.20000000000000004,319487.87320000003,1301604.5408,1597439.3660000002,15974393.66,1.9708183842010132
Federal top LTCG + NIIT,0.2,0.038,0.0,0.238,pro_rata_all_lots,0.2,40,1621092.414,23653.048000000003,1597439.3660000002,0.9854091921005066,0.20000000000000004,380190.569108,1240901.844892,1597439.3660000002,15974393.66,1.9708183842010132
Federal + NIIT + 9.3% state placeholder,0.2,0.038,0.093,0.331,pro_rata_all_lots,0.2,40,1621092.414,23653.048000000003,1597439.3660000002,0.9854091921005066,0.20000000000000004,528752.4301460001,1092339.983854,1597439.3660000002,15974393.66,1.9708183842010132
Federal + NIIT + 13.3% state placeholder,0.2,0.038,0.133,0.371,pro_rata_all_lots,0.2,40,1621092.414,23653.048000000003,1597439.3660000002,0.9854091921005066,0.20000000000000004,592650.004786,1028442.4092140001,1597439.3660000002,15974393.66,1.9708183842010132
Federal top LTCG only,0.2,0.0,0.0,0.2,pro_rata_all_lots,0.25,40,2026365.5175,29566.31,1996799.2075,0.9854091921005066,0.25000000000000006,399359.84150000004,1627005.676,1996799.2075,19967992.075,2.463522980251266
Federal top LTCG + NIIT,0.2,0.038,0.0,0.238,pro_rata_all_lots,0.25,40,2026365.5175,29566.31,1996799.2075,0.9854091921005066,0.25000000000000006,475238.211385,1551127.306115,1996799.2075,19967992.075,2.463522980251266
Federal + NIIT + 9.3% state placeholder,0.2,0.038,0.093,0.331,pro_rata_all_lots,0.25,40,2026365.5175,29566.31,1996799.2075,0.9854091921005066,0.25000000000000006,660940.5376825001,1365424.9798174999,1996799.2075,19967992.075,2.463522980251266
Federal + NIIT + 13.3% state placeholder,0.2,0.038,0.133,0.371,pro_rata_all_lots,0.25,40,2026365.5175,29566.31,1996799.2075,0.9854091921005066,0.25000000000000006,740812.5059825,1285553.0115175,1996799.2075,19967992.075,2.463522980251266
Federal top LTCG only,0.2,0.0,0.0,0.2,pro_rata_all_lots,0.3333333333333333,40,2701820.69,39421.746666666666,2662398.9433333334,0.9854091921005066,0.33333333333333337,532479.7886666667,2169340.901333333,2662398.9433333334,26623989.433333334,3.2846973070016885
Federal top LTCG + NIIT,0.2,0.038,0.0,0.238,pro_rata_all_lots,0.3333333333333333,40,2701820.69,39421.746666666666,2662398.9433333334,0.9854091921005066,0.33333333333333337,633650.9485133333,2068169.7414866667,2662398.9433333334,26623989.433333334,3.2846973070016885
Federal + NIIT + 9.3% state placeholder,0.2,0.038,0.093,0.331,pro_rata_all_lots,0.3333333333333333,40,2701820.69,39421.746666666666,2662398.9433333334,0.9854091921005066,0.33333333333333337,881254.0502433333,1820566.6397566665,2662398.9433333334,26623989.433333334,3.2846973070016885
Federal + NIIT + 13.3% state placeholder,0.2,0.038,0.133,0.371,pro_rata_all_lots,0.3333333333333333,40,2701820.69,39421.746666666666,2662398.9433333334,0.9854091921005066,0.33333333333333337,987750.0079766667,1714070.6820233334,2662398.9433333334,26623989.433333334,3.2846973070016885
Federal top LTCG only,0.2,0.0,0.0,0.2,pro_rata_all_lots,0.5,40,4052731.035,59132.62,3993598.415,0.9854091921005066,0.5000000000000001,798719.6830000001,3254011.352,3993598.415,39935984.15,4.927045960502532
Federal top LTCG + NIIT,0.2,0.038,0.0,0.238,pro_rata_all_lots,0.5,40,4052731.035,59132.62,3993598.415,0.9854091921005066,0.5000000000000001,950476.42277,3102254.61223,3993598.415,39935984.15,4.927045960502532
Federal + NIIT + 9.3% state placeholder,0.2,0.038,0.093,0.331,pro_rata_all_lots,0.5,40,4052731.035,59132.62,3993598.415,0.9854091921005066,0.5000000000000001,1321881.0753650002,2730849.9596349997,3993598.415,39935984.15,4.927045960502532
Federal + NIIT + 13.3% state placeholder,0.2,0.038,0.133,0.371,pro_rata_all_lots,0.5,40,4052731.035,59132.62,3993598.415,0.9854091921005066,0.5000000000000001,1481625.011965,2571106.023035,3993598.415,39935984.15,4.927045960502532
Federal top LTCG only,0.2,0.0,0.0,0.2,pro_rata_all_lots,0.75,40,6079096.5525,88698.93,5990397.6225,0.9854091921005065,0.75,1198079.5245,4881017.028,5990397.6225,59903976.224999994,7.390568940753798
Federal top LTCG + NIIT,0.2,0.038,0.0,0.238,pro_rata_all_lots,0.75,40,6079096.5525,88698.93,5990397.6225,0.9854091921005065,0.75,1425714.6341549999,4653381.918345001,5990397.6225,59903976.224999994,7.390568940753798
Federal + NIIT + 9.3% state placeholder,0.2,0.038,0.093,0.331,pro_rata_all_lots,0.75,40,6079096.5525,88698.93,5990397.6225,0.9854091921005065,0.75,1982821.6130475,4096274.9394525,5990397.6225,59903976.224999994,7.390568940753798
Federal + NIIT + 13.3% state placeholder,0.2,0.038,0.133,0.371,pro_rata_all_lots,0.75,40,6079096.5525,88698.93,5990397.6225,0.9854091921005065,0.75,2222437.5179474996,3856659.0345525006,5990397.6225,59903976.224999994,7.390568940753798
Federal top LTCG only,0.2,0.0,0.0,0.2,pro_rata_all_lots,1.0,40,8105462.07,118265.24,7987196.83,0.9854091921005066,1.0000000000000002,1597439.3660000002,6508022.704,7987196.83,79871968.3,9.854091921005065
Federal top LTCG + NIIT,0.2,0.038,0.0,0.238,pro_rata_all_lots,1.0,40,8105462.07,118265.24,7987196.83,0.9854091921005066,1.0000000000000002,1900952.84554,6204509.22446,7987196.83,79871968.3,9.854091921005065
Federal + NIIT + 9.3% state placeholder,0.2,0.038,0.093,0.331,pro_rata_all_lots,1.0,40,8105462.07,118265.24,7987196.83,0.9854091921005066,1.0000000000000002,2643762.1507300003,5461699.9192699995,7987196.83,79871968.3,9.854091921005065
Federal + NIIT + 13.3% state placeholder,0.2,0.038,0.133,0.371,pro_rata_all_lots,1.0,40,8105462.07,118265.24,7987196.83,0.9854091921005066,1.0000000000000002,2963250.02393,5142212.04607,7987196.83,79871968.3,9.854091921005065
Federal top LTCG only,0.2,0.0,0.0,0.2,tax_aware_combined,0.05,7,405273.10349999997,36127.73365796855,369145.36984203145,0.9108558319168878,0.046217136962935154,73829.07396840629,331444.02953159367,369145.36984203145,3691453.698420314,0.4554279159584438
Federal top LTCG + NIIT,0.2,0.038,0.0,0.238,tax_aware_combined,0.05,7,405273.10349999997,36127.73365796855,369145.36984203145,0.9108558319168878,0.046217136962935154,87856.59802240349,317416.5054775965,369145.36984203145,3691453.698420314,0.4554279159584438
Federal + NIIT + 9.3% state placeholder,0.2,0.038,0.093,0.331,tax_aware_combined,0.05,7,405273.10349999997,36127.73365796855,369145.36984203145,0.9108558319168878,0.046217136962935154,122187.11741771242,283085.98608228756,369145.36984203145,3691453.698420314,0.4554279159584438
Federal + NIIT + 13.3% state placeholder,0.2,0.038,0.133,0.371,tax_aware_combined,0.05,7,405273.10349999997,36127.73365796855,369145.36984203145,0.9108558319168878,0.046217136962935154,136952.93221139367,268320.1712886063,369145.36984203145,3691453.698420314,0.4554279159584438
Federal top LTCG only,0.2,0.0,0.0,0.2,tax_aware_combined,0.1,8,810546.2070000002,46679.34778873247,763866.8592112677,0.9424100102059543,0.0956364135590318,152773.37184225355,657772.8351577467,763866.8592112677,7638668.592112676,0.9424100102059544
Federal top LTCG + NIIT,0.2,0.038,0.0,0.238,tax_aware_combined,0.1,8,810546.2070000002,46679.34778873247,763866.8592112677,0.9424100102059543,0.0956364135590318,181800.3124922817,628745.8945077185,763866.8592112677,7638668.592112676,0.9424100102059544
Federal + NIIT + 9.3% state placeholder,0.2,0.038,0.093,0.331,tax_aware_combined,0.1,8,810546.2070000002,46679.34778873247,763866.8592112677,0.9424100102059543,0.0956364135590318,252839.9303989296,557706.2766010705,763866.8592112677,7638668.592112676,0.9424100102059544
Federal + NIIT + 13.3% state placeholder,0.2,0.038,0.133,0.371,tax_aware_combined,0.1,8,810546.2070000002,46679.34778873247,763866.8592112677,0.9424100102059543,0.0956364135590318,283394.6047673803,527151.6022326199,763866.8592112677,7638668.592112676,0.9424100102059544
Federal top LTCG only,0.2,0.0,0.0,0.2,tax_aware_combined,0.15,9,1215819.3105,55787.69453345557,1160031.6159665445,0.9541151435483345,0.1452363877661626,232006.3231933089,983812.987306691,1160031.6159665445,11600316.159665445,1.4311727153225016
Federal top LTCG + NIIT,0.2,0.038,0.0,0.238,tax_aware_combined,0.15,9,1215819.3105,55787.69453345557,1160031.6159665445,0.9541151435483345,0.1452363877661626,276087.52460003755,939731.7858999623,1160031.6159665445,11600316.159665445,1.4311727153225016
Federal + NIIT + 9.3% state placeholder,0.2,0.038,0.093,0.331,tax_aware_combined,0.15,9,1215819.3105,55787.69453345557,1160031.6159665445,0.9541151435483345,0.1452363877661626,383970.4648849262,831848.8456150737,1160031.6159665445,11600316.159665445,1.4311727153225016
Federal + NIIT + 13.3% state placeholder,0.2,0.038,0.133,0.371,tax_aware_combined,0.15,9,1215819.3105,55787.69453345557,1160031.6159665445,0.9541151435483345,0.1452363877661626,430371.729523588,785447.5809764119,1160031.6159665445,11600316.159665445,1.4311727153225016
Federal top LTCG only,0.2,0.0,0.0,0.2,tax_aware_combined,0.2,11,1621092.4139999999,64458.4683720649,1556633.9456279352,0.9602376349334613,0.19489114626312964,311326.78912558703,1309765.6248744128,1556633.9456279352,15566339.456279352,1.9204752698669223
Federal top LTCG + NIIT,0.2,0.038,0.0,0.238,tax_aware_combined,0.2,11,1621092.4139999999,64458.4683720649,1556633.9456279352,0.9602376349334613,0.19489114626312964,370478.87905944855,1250613.5349405513,1556633.9456279352,15566339.456279352,1.9204752698669223
Federal + NIIT + 9.3% state placeholder,0.2,0.038,0.093,0.331,tax_aware_combined,0.2,11,1621092.4139999999,64458.4683720649,1556633.9456279352,0.9602376349334613,0.19489114626312964,515245.8360028466,1105846.5779971532,1556633.9456279352,15566339.456279352,1.9204752698669223
Federal + NIIT + 13.3% state placeholder,0.2,0.038,0.133,0.371,tax_aware_combined,0.2,11,1621092.4139999999,64458.4683720649,1556633.9456279352,0.9602376349334613,0.19489114626312964,577511.193827964,1043581.2201720359,1556633.9456279352,15566339.456279352,1.9204752698669223
Federal top LTCG only,0.2,0.0,0.0,0.2,tax_aware_combined,0.25,11,2026365.5175,71790.92922739364,1954574.5882726065,0.9645715797039595,0.24471346204105085,390914.9176545213,1635450.5998454788,1954574.5882726065,19545745.882726062,2.4114289492598986
Federal top LTCG + NIIT,0.2,0.038,0.0,0.238,tax_aware_combined,0.25,11,2026365.5175,71790.92922739364,1954574.5882726065,0.9645715797039595,0.24471346204105085,465188.7520088803,1561176.7654911198,1954574.5882726065,19545745.882726062,2.4114289492598986
Federal + NIIT + 9.3% state placeholder,0.2,0.038,0.093,0.331,tax_aware_combined,0.25,11,2026365.5175,71790.92922739364,1954574.5882726065,0.9645715797039595,0.24471346204105085,646964.1887182328,1379401.3287817673,1954574.5882726065,19545745.882726062,2.4114289492598986
Federal + NIIT + 13.3% state placeholder,0.2,0.038,0.133,0.371,tax_aware_combined,0.25,11,2026365.5175,71790.92922739364,1954574.5882726065,0.9645715797039595,0.24471346204105085,725147.172249137,1301218.345250863,1954574.5882726065,19545745.882726062,2.4114289492598986
Federal top LTCG only,0.2,0.0,0.0,0.2,tax_aware_combined,0.3333333333333333,14,2701820.69,82617.46543721393,2619203.224562786,0.9694215586759705,0.3279252133520774,523840.6449125572,2177980.0450874427,2619203.224562786,26192032.245627858,3.231405195586568
Federal top LTCG + NIIT,0.2,0.038,0.0,0.238,tax_aware_combined,0.3333333333333333,14,2701820.69,82617.46543721393,2619203.224562786,0.9694215586759705,0.3279252133520774,623370.3674459431,2078450.322554057,2619203.224562786,26192032.245627858,3.231405195586568
Federal + NIIT + 9.3% state placeholder,0.2,0.038,0.093,0.331,tax_aware_combined,0.3333333333333333,14,2701820.69,82617.46543721393,2619203.224562786,0.9694215586759705,0.3279252133520774,866956.2673302823,1834864.4226697176,2619203.224562786,26192032.245627858,3.231405195586568
Federal + NIIT + 13.3% state placeholder,0.2,0.038,0.133,0.371,tax_aware_combined,0.3333333333333333,14,2701820.69,82617.46543721393,2619203.224562786,0.9694215586759705,0.3279252133520774,971724.3963127936,1730096.2936872062,2619203.224562786,26192032.245627858,3.231405195586568
Federal top LTCG only,0.2,0.0,0.0,0.2,tax_aware_combined,0.5,19,4052731.035,103431.69108125781,3949299.3439187426,0.9744785207337952,0.4944537399009789,789859.8687837486,3262871.1662162514,3949299.3439187426,39492993.43918742,4.872392603668975
Federal top LTCG + NIIT,0.2,0.038,0.0,0.238,tax_aware_combined,0.5,19,4052731.035,103431.69108125781,3949299.3439187426,0.9744785207337952,0.4944537399009789,939933.2438526606,3112797.7911473396,3949299.3439187426,39492993.43918742,4.872392603668975
Federal + NIIT + 9.3% state placeholder,0.2,0.038,0.093,0.331,tax_aware_combined,0.5,19,4052731.035,103431.69108125781,3949299.3439187426,0.9744785207337952,0.4944537399009789,1307218.0828371039,2745512.9521628963,3949299.3439187426,39492993.43918742,4.872392603668975
Federal + NIIT + 13.3% state placeholder,0.2,0.038,0.133,0.371,tax_aware_combined,0.5,19,4052731.035,103431.69108125781,3949299.3439187426,0.9744785207337952,0.4944537399009789,1465190.0565938535,2587540.9784061466,3949299.3439187426,39492993.43918742,4.872392603668975
Federal top LTCG only,0.2,0.0,0.0,0.2,tax_aware_combined,0.75,25,6079096.552499999,116723.1502518919,5962373.402248107,0.9807992603433991,0.7464913572498134,1192474.6804496215,4886621.872050378,5962373.402248107,59623734.02248107,7.355994452575493
Federal top LTCG + NIIT,0.2,0.038,0.0,0.238,tax_aware_combined,0.75,25,6079096.552499999,116723.1502518919,5962373.402248107,0.9807992603433991,0.7464913572498134,1419044.8697350493,4660051.68276495,5962373.402248107,59623734.02248107,7.355994452575493
Federal + NIIT + 9.3% state placeholder,0.2,0.038,0.093,0.331,tax_aware_combined,0.75,25,6079096.552499999,116723.1502518919,5962373.402248107,0.9807992603433991,0.7464913572498134,1973545.5961441235,4105550.956355876,5962373.402248107,59623734.02248107,7.355994452575493
Federal + NIIT + 13.3% state placeholder,0.2,0.038,0.133,0.371,tax_aware_combined,0.75,25,6079096.552499999,116723.1502518919,5962373.402248107,0.9807992603433991,0.7464913572498134,2212040.5322340475,3867056.0202659518,5962373.402248107,59623734.02248107,7.355994452575493
Federal top LTCG only,0.2,0.0,0.0,0.2,tax_aware_combined,1.0,40,8105462.069999999,118265.24,7987196.829999999,0.9854091921005066,1.0,1597439.366,6508022.704,7987196.829999999,79871968.29999998,9.854091921005063
Federal top LTCG + NIIT,0.2,0.038,0.0,0.238,tax_aware_combined,1.0,40,8105462.069999999,118265.24,7987196.829999999,0.9854091921005066,1.0,1900952.8455399997,6204509.22446,7987196.829999999,79871968.29999998,9.854091921005063
Federal + NIIT + 9.3% state placeholder,0.2,0.038,0.093,0.331,tax_aware_combined,1.0,40,8105462.069999999,118265.24,7987196.829999999,0.9854091921005066,1.0,2643762.15073,5461699.9192699995,7987196.829999999,79871968.29999998,9.854091921005063
Federal + NIIT + 13.3% state placeholder,0.2,0.038,0.133,0.371,tax_aware_combined,1.0,40,8105462.069999999,118265.24,7987196.829999999,0.9854091921005066,1.0,2963250.0239299997,5142212.04607,7987196.829999999,79871968.29999998,9.854091921005063
Federal top LTCG only,0.2,0.0,0.0,0.2,tax_aware_each_symbol,0.05,8,405273.10349999997,14596.599328423528,390676.50417157647,0.9639833011311013,0.0489128429518841,78135.30083431529,327137.80266568466,390676.50417157647,3906765.0417157644,0.4819916505655506
Federal top LTCG + NIIT,0.2,0.038,0.0,0.238,tax_aware_each_symbol,0.05,8,405273.10349999997,14596.599328423528,390676.50417157647,0.9639833011311013,0.0489128429518841,92981.00799283519,312292.0955071648,390676.50417157647,3906765.0417157644,0.4819916505655506
Federal + NIIT + 9.3% state placeholder,0.2,0.038,0.093,0.331,tax_aware_each_symbol,0.05,8,405273.10349999997,14596.599328423528,390676.50417157647,0.9639833011311013,0.0489128429518841,129313.92288079181,275959.18061920814,390676.50417157647,3906765.0417157644,0.4819916505655506
Federal + NIIT + 13.3% state placeholder,0.2,0.038,0.133,0.371,tax_aware_each_symbol,0.05,8,405273.10349999997,14596.599328423528,390676.50417157647,0.9639833011311013,0.0489128429518841,144940.98304765488,260332.1204523451,390676.50417157647,3906765.0417157644,0.4819916505655506
Federal top LTCG only,0.2,0.0,0.0,0.2,tax_aware_each_symbol,0.1,10,810546.2069999999,24296.413356067,786249.793643933,0.9700246412280517,0.09843876523623034,157249.95872878662,653296.2482712134,786249.793643933,7862497.93643933,0.9700246412280514
Federal top LTCG + NIIT,0.2,0.038,0.0,0.238,tax_aware_each_symbol,0.1,10,810546.2069999999,24296.413356067,786249.793643933,0.9700246412280517,0.09843876523623034,187127.45088725604,623418.7561127439,786249.793643933,7862497.93643933,0.9700246412280514
Federal + NIIT + 9.3% state placeholder,0.2,0.038,0.093,0.331,tax_aware_each_symbol,0.1,10,810546.2069999999,24296.413356067,786249.793643933,0.9700246412280517,0.09843876523623034,260248.68169614184,550297.5253038581,786249.793643933,7862497.93643933,0.9700246412280514
Federal + NIIT + 13.3% state placeholder,0.2,0.038,0.133,0.371,tax_aware_each_symbol,0.1,10,810546.2069999999,24296.413356067,786249.793643933,0.9700246412280517,0.09843876523623034,291698.6734418991,518847.5335581008,786249.793643933,7862497.93643933,0.9700246412280514
Federal top LTCG only,0.2,0.0,0.0,0.2,tax_aware_each_symbol,0.15,12,1215819.3104999997,32485.172081025463,1183334.1384189744,0.9732812500998476,0.14815387220386986,236666.8276837949,979152.4828162048,1183334.1384189744,11833341.384189744,1.459921875149771
Federal top LTCG + NIIT,0.2,0.038,0.0,0.238,tax_aware_each_symbol,0.15,12,1215819.3104999997,32485.172081025463,1183334.1384189744,0.9732812500998476,0.14815387220386986,281633.5249437159,934185.7855562838,1183334.1384189744,11833341.384189744,1.459921875149771
Federal + NIIT + 9.3% state placeholder,0.2,0.038,0.093,0.331,tax_aware_each_symbol,0.15,12,1215819.3104999997,32485.172081025463,1183334.1384189744,0.9732812500998476,0.14815387220386986,391683.59981668054,824135.7106833191,1183334.1384189744,11833341.384189744,1.459921875149771
Federal + NIIT + 13.3% state placeholder,0.2,0.038,0.133,0.371,tax_aware_each_symbol,0.15,12,1215819.3104999997,32485.172081025463,1183334.1384189744,0.9732812500998476,0.14815387220386986,439016.9653534395,776802.3451465601,1183334.1384189744,11833341.384189744,1.459921875149771
Federal top LTCG only,0.2,0.0,0.0,0.2,tax_aware_each_symbol,0.2,14,1621092.4139999999,40666.790334572106,1580425.6236654278,0.974913959263909,0.1978698731611736,316085.12473308557,1305007.2892669144,1580425.6236654278,15804256.236654278,1.9498279185278178
Federal top LTCG + NIIT,0.2,0.038,0.0,0.238,tax_aware_each_symbol,0.2,14,1621092.4139999999,40666.790334572106,1580425.6236654278,0.974913959263909,0.1978698731611736,376141.2984323718,1244951.115567628,1580425.6236654278,15804256.236654278,1.9498279185278178
Federal + NIIT + 9.3% state placeholder,0.2,0.038,0.093,0.331,tax_aware_each_symbol,0.2,14,1621092.4139999999,40666.790334572106,1580425.6236654278,0.974913959263909,0.1978698731611736,523120.8814332566,1097971.5325667432,1580425.6236654278,15804256.236654278,1.9498279185278178
Federal + NIIT + 13.3% state placeholder,0.2,0.038,0.133,0.371,tax_aware_each_symbol,0.2,14,1621092.4139999999,40666.790334572106,1580425.6236654278,0.974913959263909,0.1978698731611736,586337.9063798737,1034754.5076201261,1580425.6236654278,15804256.236654278,1.9498279185278178
Federal top LTCG only,0.2,0.0,0.0,0.2,tax_aware_each_symbol,0.25,15,2026365.5174999998,48141.46147815638,1978224.0560218436,0.9762424591899145,0.24767438415835857,395644.8112043687,1630720.7062956311,1978224.0560218436,19782240.560218435,2.440606147974786
Federal top LTCG + NIIT,0.2,0.038,0.0,0.238,tax_aware_each_symbol,0.25,15,2026365.5174999998,48141.46147815638,1978224.0560218436,0.9762424591899145,0.24767438415835857,470817.32533319877,1555548.192166801,1978224.0560218436,19782240.560218435,2.440606147974786
Federal + NIIT + 9.3% state placeholder,0.2,0.038,0.093,0.331,tax_aware_each_symbol,0.25,15,2026365.5174999998,48141.46147815638,1978224.0560218436,0.9762424591899145,0.24767438415835857,654792.1625432302,1371573.3549567696,1978224.0560218436,19782240.560218435,2.440606147974786
Federal + NIIT + 13.3% state placeholder,0.2,0.038,0.133,0.371,tax_aware_each_symbol,0.25,15,2026365.5174999998,48141.46147815638,1978224.0560218436,0.9762424591899145,0.24767438415835857,733921.124784104,1292444.392715896,1978224.0560218436,19782240.560218435,2.440606147974786
Federal top LTCG only,0.2,0.0,0.0,0.2,tax_aware_each_symbol,0.3333333333333333,17,2701820.6899999995,59042.52870195998,2642778.1612980394,0.9781471328128885,0.33087680415884274,528555.6322596079,2173265.0577403917,2642778.1612980394,26427781.61298039,3.260490442709627
Federal top LTCG + NIIT,0.2,0.038,0.0,0.238,tax_aware_each_symbol,0.3333333333333333,17,2701820.6899999995,59042.52870195998,2642778.1612980394,0.9781471328128885,0.33087680415884274,628981.2023889334,2072839.487611066,2642778.1612980394,26427781.61298039,3.260490442709627
Federal + NIIT + 9.3% state placeholder,0.2,0.038,0.093,0.331,tax_aware_each_symbol,0.3333333333333333,17,2701820.6899999995,59042.52870195998,2642778.1612980394,0.9781471328128885,0.33087680415884274,874759.571389651,1827061.1186103486,2642778.1612980394,26427781.61298039,3.260490442709627
Federal + NIIT + 13.3% state placeholder,0.2,0.038,0.133,0.371,tax_aware_each_symbol,0.3333333333333333,17,2701820.6899999995,59042.52870195998,2642778.1612980394,0.9781471328128885,0.33087680415884274,980470.6978415726,1721349.992158427,2642778.1612980394,26427781.61298039,3.260490442709627
Federal top LTCG only,0.2,0.0,0.0,0.2,tax_aware_each_symbol,0.5,21,4052731.0349999988,77387.87647962412,3975343.158520375,0.9809047588376109,0.4977144351306008,795068.631704075,3257662.403295924,3975343.158520375,39753431.585203744,4.904523794188052
Federal top LTCG + NIIT,0.2,0.038,0.0,0.238,tax_aware_each_symbol,0.5,21,4052731.0349999988,77387.87647962412,3975343.158520375,0.9809047588376109,0.4977144351306008,946131.6717278492,3106599.3632721496,3975343.158520375,39753431.585203744,4.904523794188052
Federal + NIIT + 9.3% state placeholder,0.2,0.038,0.093,0.331,tax_aware_each_symbol,0.5,21,4052731.0349999988,77387.87647962412,3975343.158520375,0.9809047588376109,0.4977144351306008,1315838.585470244,2736892.449529755,3975343.158520375,39753431.585203744,4.904523794188052
Federal + NIIT + 13.3% state placeholder,0.2,0.038,0.133,0.371,tax_aware_each_symbol,0.5,21,4052731.0349999988,77387.87647962412,3975343.158520375,0.9809047588376109,0.4977144351306008,1474852.311811059,2577878.7231889395,3975343.158520375,39753431.585203744,4.904523794188052
Federal top LTCG only,0.2,0.0,0.0,0.2,tax_aware_each_symbol,0.75,26,6079096.552499999,104617.1760863073,5974479.376413692,0.9827906704256434,0.7480070296970123,1194895.8752827384,4884200.677217261,5974479.376413692,59744793.76413692,7.3709300281923245
Federal top LTCG + NIIT,0.2,0.038,0.0,0.238,tax_aware_each_symbol,0.75,26,6079096.552499999,104617.1760863073,5974479.376413692,0.9827906704256434,0.7480070296970123,1421926.0915864585,4657170.460913541,5974479.376413692,59744793.76413692,7.3709300281923245
Federal + NIIT + 9.3% state placeholder,0.2,0.038,0.093,0.331,tax_aware_each_symbol,0.75,26,6079096.552499999,104617.1760863073,5974479.376413692,0.9827906704256434,0.7480070296970123,1977552.673592932,4101543.8789070672,5974479.376413692,59744793.76413692,7.3709300281923245
Federal + NIIT + 13.3% state placeholder,0.2,0.038,0.133,0.371,tax_aware_each_symbol,0.75,26,6079096.552499999,104617.1760863073,5974479.376413692,0.9827906704256434,0.7480070296970123,2216531.8486494794,3862564.70385052,5974479.376413692,59744793.76413692,7.3709300281923245
Federal top LTCG only,0.2,0.0,0.0,0.2,tax_aware_each_symbol,1.0,40,8105462.069999998,118265.24,7987196.829999998,0.9854091921005066,0.9999999999999999,1597439.3659999997,6508022.703999999,7987196.829999998,79871968.29999998,9.854091921005063
Federal top LTCG + NIIT,0.2,0.038,0.0,0.238,tax_aware_each_symbol,1.0,40,8105462.069999998,118265.24,7987196.829999998,0.9854091921005066,0.9999999999999999,1900952.8455399994,6204509.224459999,7987196.829999998,79871968.29999998,9.854091921005063
Federal + NIIT + 9.3% state placeholder,0.2,0.038,0.093,0.331,tax_aware_each_symbol,1.0,40,8105462.069999998,118265.24,7987196.829999998,0.9854091921005066,0.9999999999999999,2643762.1507299994,5461699.9192699995,7987196.829999998,79871968.29999998,9.854091921005063
Federal + NIIT + 13.3% state placeholder,0.2,0.038,0.133,0.371,tax_aware_each_symbol,1.0,40,8105462.069999998,118265.24,7987196.829999998,0.9854091921005066,0.9999999999999999,2963250.023929999,5142212.046069999,7987196.829999998,79871968.29999998,9.854091921005063
